Run,Virus,Host,R1,R2,Tissue,Sample
Brain_Stem,MeVChiTok,human,/fh/fast/bloom_j/SR/ngs/illumina_MayoClinic/raw-fastq/BS.FCHHCFLBBXY_L8_ICTCTCGTC-TATAACCT_R1.fastq,/fh/fast/bloom_j/SR/ngs/illumina_MayoClinic/raw-fastq/BS.FCHHCFLBBXY_L8_ICTCTCGTC-TATAACCT_R2.fastq,Brain Stem,BS.FCHHCFLBBXY.L8.ICTCTCGTC-TATAACCT
Cerebellum,MeVChiTok,human,/fh/fast/bloom_j/SR/ngs/illumina_MayoClinic/raw-fastq/CB.FCHHWKYBBXY_L4_IGAACCGCG-TGACCTTA_R1.fastq,/fh/fast/bloom_j/SR/ngs/illumina_MayoClinic/raw-fastq/CB.FCHHWKYBBXY_L4_IGAACCGCG-TGACCTTA_R2.fastq,Cerebellum,CB.FCHHWKYBBXY.L4.IGAACCGCG-TGACCTTA
Cerebellum_Nucleus,MeVChiTok,human,/fh/fast/bloom_j/SR/ngs/illumina_MayoClinic/raw-fastq/CN.FCHHWKYBBXY_L4_ICTGCTTCC-GATAGATC_R1.fastq,/fh/fast/bloom_j/SR/ngs/illumina_MayoClinic/raw-fastq/CN.FCHHWKYBBXY_L4_ICTGCTTCC-GATAGATC_R2.fastq,Cerebellum Nucleus,CN.FCHHWKYBBXY.L4.ICTGCTTCC-GATAGATC
Frontal_Cortex_2,MeVChiTok,human,/fh/fast/bloom_j/SR/ngs/illumina_MayoClinic/raw-fastq/FC2.FCHHWKYBBXY_L4_IAACTGTAG-ACGCCGCA_R1.fastq,/fh/fast/bloom_j/SR/ngs/illumina_MayoClinic/raw-fastq/FC2.FCHHWKYBBXY_L4_IAACTGTAG-ACGCCGCA_R2.fastq,Frontal Cortex 2,FC2.FCHHWKYBBXY.L4.IAACTGTAG-ACGCCGCA
Frontal_Cortex_3,MeVChiTok,human,/fh/fast/bloom_j/SR/ngs/illumina_MayoClinic/raw-fastq/FC3.FCHHWKYBBXY_L4_ITATCGCAC-CTTAGTGT_R1.fastq,/fh/fast/bloom_j/SR/ngs/illumina_MayoClinic/raw-fastq/FC3.FCHHWKYBBXY_L4_ITATCGCAC-CTTAGTGT_R2.fastq,Frontal Cortex 3,FC3.FCHHWKYBBXY.L4.ITATCGCAC-CTTAGTGT
Frontal_Cortex_1,MeVChiTok,human,/fh/fast/bloom_j/SR/ngs/illumina_MayoClinic/raw-fastq/FC.FCHHCFLBBXY_L8_IAGTTCAGG-CCAACAGA_R1.fastq,/fh/fast/bloom_j/SR/ngs/illumina_MayoClinic/raw-fastq/FC.FCHHCFLBBXY_L8_IAGTTCAGG-CCAACAGA_R2.fastq,Frontal Cortex 1,FC.FCHHCFLBBXY.L8.IAGTTCAGG-CCAACAGA
Hippocampus,MeVChiTok,human,/fh/fast/bloom_j/SR/ngs/illumina_MayoClinic/raw-fastq/HC.FCHHWKYBBXY_L4_IAGGTTATA-CAGTTCCG_R1.fastq,/fh/fast/bloom_j/SR/ngs/illumina_MayoClinic/raw-fastq/HC.FCHHWKYBBXY_L4_IAGGTTATA-CAGTTCCG_R2.fastq,Hippocampus,HC.FCHHWKYBBXY.L4.IAGGTTATA-CAGTTCCG
Internal_Capsule,MeVChiTok,human,/fh/fast/bloom_j/SR/ngs/illumina_MayoClinic/raw-fastq/IC.FCHHWKYBBXY_L4_ITCTGTTGG-TCGAATGG_R1.fastq,/fh/fast/bloom_j/SR/ngs/illumina_MayoClinic/raw-fastq/IC.FCHHWKYBBXY_L4_ITCTGTTGG-TCGAATGG_R2.fastq,Internal Capsule,IC.FCHHWKYBBXY.L4.ITCTGTTGG-TCGAATGG
Midbrain,MeVChiTok,human,/fh/fast/bloom_j/SR/ngs/illumina_MayoClinic/raw-fastq/MB.FCHHWKYBBXY_L4_ITCATCCTT-AGCGAGCT_R1.fastq,/fh/fast/bloom_j/SR/ngs/illumina_MayoClinic/raw-fastq/MB.FCHHWKYBBXY_L4_ITCATCCTT-AGCGAGCT_R2.fastq,Midbrain,MB.FCHHWKYBBXY.L4.ITCATCCTT-AGCGAGCT
Occipital_Lobe,MeVChiTok,human,/fh/fast/bloom_j/SR/ngs/illumina_MayoClinic/raw-fastq/OL.FCHHCFLBBXY_L8_ITCTCTACT-CGCGGTTC_R1.fastq,/fh/fast/bloom_j/SR/ngs/illumina_MayoClinic/raw-fastq/OL.FCHHCFLBBXY_L8_ITCTCTACT-CGCGGTTC_R2.fastq,Occipital Lobe,OL.FCHHCFLBBXY.L8.ITCTCTACT-CGCGGTTC
Parietal_Lobe,MeVChiTok,human,/fh/fast/bloom_j/SR/ngs/illumina_MayoClinic/raw-fastq/PL.FCHHWKYBBXY_L4_ICTCACCAA-CTAGGCAA_R1.fastq,/fh/fast/bloom_j/SR/ngs/illumina_MayoClinic/raw-fastq/PL.FCHHWKYBBXY_L4_ICTCACCAA-CTAGGCAA_R2.fastq,Parietal Lobe,PL.FCHHWKYBBXY.L4.ICTCACCAA-CTAGGCAA
Temporal_Lobe,MeVChiTok,human,/fh/fast/bloom_j/SR/ngs/illumina_MayoClinic/raw-fastq/TL.FCHHCFLBBXY_L8_IGACCTGAA-TTGGTGAG_R1.fastq,/fh/fast/bloom_j/SR/ngs/illumina_MayoClinic/raw-fastq/TL.FCHHCFLBBXY_L8_IGACCTGAA-TTGGTGAG_R2.fastq,Temporal Lobe,TL.FCHHCFLBBXY.L8.IGACCTGAA-TTGGTGAG
UBS,MeVChiTok,human,/fh/fast/bloom_j/SR/ngs/illumina_MayoClinic/raw-fastq/UBS.FCHHWKYBBXY_L4_IGGTCACGA-GTATTATG_R1.fastq,/fh/fast/bloom_j/SR/ngs/illumina_MayoClinic/raw-fastq/UBS.FCHHWKYBBXY_L4_IGGTCACGA-GTATTATG_R2.fastq,UBS,UBS.FCHHWKYBBXY.L4.IGGTCACGA-GTATTATG
SSPE_1,MeVChiTok,human,/fh/fast/bloom_j/SR/ngs/illumina_MayoClinic/raw-fastq/RCD_02_NoIndex_L001_R1.fastq,/fh/fast/bloom_j/SR/ngs/illumina_MayoClinic/raw-fastq/RCD_02_NoIndex_L001_R2.fastq,SSPE 1,RCD_02_NoIndex_L001
SSPE_2,MeVChiTok,human,/fh/fast/bloom_j/SR/ngs/illumina_MayoClinic/raw-fastq/RCD_03.FC000000000-CV3FN_L1_R1.fastq,/fh/fast/bloom_j/SR/ngs/illumina_MayoClinic/raw-fastq/RCD_03.FC000000000-CV3FN_L1_R2.fastq,SSPE 2,RCD_03.FC000000000-CV3FN_L1